﻿<?xml version="1.0" encoding="utf-8"?>
<columns>
<add name="ID" property="Id"/>
<add name="TITLE" property="Title"/>
<add name="MONTH" property="Month"/>
<add name="PRODUCTCODE" property="Productcode"/>
<add name="PRODUCTCATEGORY" property="Productcategory"/>
<add name="CONTENT" property="Content"/>
<add name="CREATETIME" property="Createtime"/>
<add name="AUDITSTATE" property="Auditstate"/>
<add name="AUDITTIME" property="Audittime"/>
<add name="UPDATETIME" property="Updatetime"/>
</columns>
