﻿<?xml version="1.0" encoding="utf-8"?>
<columns>
<add name="ID" property="Id"/>
<add name="USERID" property="Userid"/>
<add name="NATURE" property="Nature"/>
<add name="COMPANYNAME" property="Companyname"/>
<add name="CONTACTS" property="Contacts"/>
<add name="ADDRESS" property="Address"/>
<add name="RELEASETELEPHONE" property="Releasetelephone"/>
<add name="PRODUCTNAME" property="Productname"/>
<add name="TELEPHONE" property="Telephone"/>
<add name="MANAGEMENTNATURE" property="Managementnature"/>
<add name="SERVICEPRODUCTTYPE" property="Serviceproducttype"/>
<add name="SUBORDINATETYPE" property="Subordinatetype"/>
<add name="ISME" property="Isme"/>
<add name="SOURCE" property="Source"/>
<add name="OTHER" property="Other"/>
<add name="ADDTIME" property="Addtime"/>
<add name="RECOMMENDUSERID" property="Recommenduserid"/>
</columns>
