﻿<?xml version="1.0" encoding="utf-8"?>
<columns>
<add name="ID" property="Id"/>
<add name="NAME" property="Name"/>
<add name="LEVEL1NAME" property="Level1name"/>
<add name="LEVEL2NAME" property="Level2name"/>
<add name="LEVEL3NAME" property="Level3name"/>
<add name="LEVEL4NAME" property="Level4name"/>
<add name="LEVEL5NAME" property="Level5name"/>
<add name="SUMMARY" property="Summary"/>
<add name="IMAGEURL" property="Imageurl"/>
<add name="PRODUCTTYPE" property="Producttype"/>
<add name="PRODUCTID" property="Productid"/>
<add name="HOTCOUNT" property="Hotcount"/>
<add name="PUBLICTIME" property="Publictime"/>
<add name="LOCATIONID" property="Locationid"/>
<add name="PUBLICLONG" property="Publiclong"/>
<add name="LOCALPRODUCTTYPEID" property="Localproducttypeid"/>
</columns>
