﻿<?xml version="1.0" encoding="utf-8"?>
<columns>
<add name="ID" property="Id"/>
<add name="SKINBASE_ID" property="SkinbaseId"/>
<add name="CREATTIME" property="Creattime"/>
<add name="SOURCEID" property="Sourceid"/>
<add name="UPDATETIME" property="Updatetime"/>
<add name="UPDATEUSERID" property="Updateuserid"/>
<add name="ISVALID" property="Isvalid"/>
<add name="AUDITFLAG" property="Auditflag"/>
<add name="TOPIMAGEURL" property="Topimageurl"/>
<add name="ADMINMEMO" property="Adminmemo"/>
<add name="ADMIN_ID" property="AdminId"/>
<add name="IMAGEISVALID" property="Imageisvalid"/>
<add name="AUDITTIME" property="Audittime"/>
</columns>
