﻿<?xml version="1.0" encoding="utf-8"?>
<columns>
<add name="ID" property="Id"/>
<add name="USER_ID" property="UserId"/>
<add name="COMMENTUSERID" property="Commentuserid"/>
<add name="CREATETIME" property="Createtime"/>
<add name="IMPRESSIONTYPE_ID" property="ImpressiontypeId"/>
<add name="IMPRESSIONSCORE" property="Impressionscore"/>
<add name="IMPRESSIONNAME" property="Impressionname"/>
<add name="ENUMAUDITFLAG" property="Enumauditflag"/>
<add name="ADMIN_ID" property="AdminId"/>
<add name="AUDITTIME" property="Audittime"/>
<add name="ISVALID" property="Isvalid"/>
</columns>
