﻿<?xml version="1.0" encoding="utf-8"?>
<columns>
<add name="ID" property="Id"/>
<add name="ACTIVITY_ID" property="ActivityId"/>
<add name="SOURCEID" property="Sourceid"/>
<add name="NAME" property="Name"/>
<add name="CREATETIME" property="Createtime"/>
<add name="URL" property="Url"/>
<add name="ENUMAUDITFLAG" property="Enumauditflag"/>
<add name="ADMIN_ID" property="AdminId"/>
<add name="AUDITTIME" property="Audittime"/>
<add name="ADMINMEMO" property="Adminmemo"/>
<add name="ISVALID" property="Isvalid"/>
<add name="ISTOP" property="Istop"/>
</columns>
