﻿<?xml version="1.0" encoding="utf-8"?>
<columns>
<add name="ID" property="Id"/>
<add name="USER_ID" property="UserId"/>
<add name="ALBUMTYPEID" property="Albumtypeid"/>
<add name="TITLES" property="Titles"/>
<add name="DESCRIPTION" property="Description"/>
<add name="ISDEFAULT" property="Isdefault"/>
<add name="PICCOUNT" property="Piccount"/>
<add name="CREATETIME" property="Createtime"/>
<add name="ISVALID" property="Isvalid"/>
<add name="SHOWTYPE" property="Showtype"/>
<add name="ENUMAUDITFLAG" property="Enumauditflag"/>
<add name="ADMIN_ID" property="AdminId"/>
<add name="AUDITTIME" property="Audittime"/>
<add name="UPDATETIME" property="Updatetime"/>
<add name="LIMITS" property="Limits"/>
<add name="COVERPIC_ID" property="CoverpicId"/>
<add name="REFUSERESULT" property="Refuseresult"/>
</columns>
