﻿<?xml version="1.0" encoding="utf-8"?>
<columns>
<add name="ID" property="Id"/>
<add name="AD_ID" property="AdId"/>
<add name="NAME" property="Name"/>
<add name="CONTENT" property="Content"/>
<add name="STARTDATETIME" property="Startdatetime"/>
<add name="ENDDATETIME" property="Enddatetime"/>
<add name="URL" property="Url"/>
<add name="OPERATORID" property="Operatorid"/>
<add name="CREATEDATETIME" property="Createdatetime"/>
<add name="ISVALID" property="Isvalid"/>
<add name="ISDEFAULT" property="Isdefault"/>
<add name="URLFLAG" property="Urlflag"/>
</columns>
