﻿<?xml version="1.0" encoding="utf-8"?>
<columns>
<add name="ID" property="Id"/>
<add name="NAME" property="Name"/>
<add name="SUPPLEMENTARY" property="Supplementary"/>
<add name="IMAGEURL" property="Imageurl"/>
<add name="USERID" property="Userid"/>
<add name="CREATETIME" property="Createtime"/>
<add name="CREATETYPE" property="Createtype"/>
<add name="AUDITSTATE" property="Auditstate"/>
<add name="REJECTREASON" property="Rejectreason"/>
<add name="QUESTIONTYPE" property="Questiontype"/>
<add name="OFFERMONEY" property="Offermoney"/>
<add name="ADDITIONALMONEY" property="Additionalmoney"/>
<add name="AUDITADMIN" property="Auditadmin"/>
<add name="AUDITTIME" property="Audittime"/>
<add name="USERNAME" property="Username"/>
<add name="PARENTID" property="Parentid"/>
</columns>
