﻿<?xml version="1.0" encoding="utf-8"?>
<columns>
<add name="ID" property="Id"/>
<add name="PARENTID" property="Parentid"/>
<add name="SOURCETYPE" property="Sourcetype"/>
<add name="SOURCEID" property="Sourceid"/>
<add name="USER_ID" property="UserId"/>
<add name="IPADDRESS" property="Ipaddress"/>
<add name="IPADDRESSSTR" property="Ipaddressstr"/>
<add name="CONTENTS" property="Contents"/>
<add name="CREATETIME" property="Createtime"/>
<add name="ADMINID" property="Adminid"/>
<add name="AUDITTIME" property="Audittime"/>
<add name="ADMINMEMO" property="Adminmemo"/>
<add name="AUDITFLAG" property="Auditflag"/>
<add name="ISVALID" property="Isvalid"/>
</columns>
