﻿<?xml version="1.0" encoding="utf-8"?>
<columns>
<add name="ID" property="Id"/>
<add name="USERID" property="Userid"/>
<add name="DISPLAYNAME" property="Displayname"/>
<add name="HEADIMAGEURL" property="Headimageurl"/>
<add name="MOTTO" property="Motto"/>
<add name="PROFILE" property="Profile"/>
<add name="NIKENAME" property="Nikename"/>
<add name="REALNAME" property="Realname"/>
<add name="HEIGHT" property="Height"/>
<add name="WEIGHT" property="Weight"/>
<add name="CENSUS" property="Census"/>
<add name="LIKEPRODUCT" property="Likeproduct"/>
<add name="LIKEMUSIC" property="Likemusic"/>
<add name="LIKETRAVEL" property="Liketravel"/>
<add name="LIKEGAME" property="Likegame"/>
<add name="LIKESTARS" property="Likestars"/>
<add name="LIKEMOVIE" property="Likemovie"/>
<add name="LIKEBOOKS" property="Likebooks"/>
<add name="LIKETV" property="Liketv"/>
<add name="LIKESPORTS" property="Likesports"/>
<add name="CONTACT" property="Contact"/>
<add name="ADDRESS" property="Address"/>
<add name="PHONE" property="Phone"/>
<add name="NATURE" property="Nature"/>
<add name="PEOPLENUMBER" property="Peoplenumber"/>
<add name="TRADE" property="Trade"/>
<add name="AUDITSTATE" property="Auditstate"/>
<add name="DISMISSREASON" property="Dismissreason"/>
<add name="CREATETIME" property="Createtime"/>
<add name="REGISTFLAG" property="Registflag"/>
</columns>
