﻿<?xml version="1.0" encoding="utf-8"?>
<columns>
<add name="ID" property="Id"/>
<add name="PARENTID" property="Parentid"/>
<add name="ENUMGUESTBOOKSOURCETYPE" property="Enumguestbooksourcetype"/>
<add name="SOURCEID" property="Sourceid"/>
<add name="USER_ID" property="UserId"/>
<add name="IPADDRESS" property="Ipaddress"/>
<add name="NICK" property="Nick"/>
<add name="CONTENTS" property="Contents"/>
<add name="ENUMUSEREVALUATION" property="Enumuserevaluation"/>
<add name="PUBTIME" property="Pubtime"/>
<add name="ADMINID" property="Adminid"/>
<add name="AUDITTIME" property="Audittime"/>
<add name="ADMINMEMO" property="Adminmemo"/>
<add name="ISVALID" property="Isvalid"/>
<add name="ENUMAUDITFLAG" property="Enumauditflag"/>
</columns>
