﻿<?xml version="1.0" encoding="utf-8"?>
<columns>
<add name="ID" property="Id"/>
<add name="ADMIN_ID" property="AdminId"/>
<add name="TITLE" property="Title"/>
<add name="MESSAGECONTENT" property="Messagecontent"/>
<add name="CREATEDATE" property="Createdate"/>
<add name="AUDITID" property="Auditid"/>
<add name="ADMINMEMO" property="Adminmemo"/>
<add name="ENUMAUDITFLAG" property="Enumauditflag"/>
<add name="AUDITTIME" property="Audittime"/>
<add name="SENDUSERNAME" property="Sendusername"/>
</columns>
