﻿<?xml version="1.0" encoding="utf-8"?>
<columns>
<add name="ID" property="Id"/>
<add name="COUNTRYALBUM_ID" property="CountryalbumId"/>
<add name="OFFICIALBLOG_ID" property="OfficialblogId"/>
<add name="TITLES" property="Titles"/>
<add name="DESCRIPTIONS" property="Descriptions"/>
<add name="URL" property="Url"/>
<add name="ISVALID" property="Isvalid"/>
<add name="USER_ID" property="UserId"/>
<add name="ENUMAUDITFLAG" property="Enumauditflag"/>
<add name="ADMIN_ID" property="AdminId"/>
<add name="AUDITTIME" property="Audittime"/>
<add name="VIEWCOUNT" property="Viewcount"/>
<add name="COMMENTCOUNT" property="Commentcount"/>
<add name="CREATETIME" property="Createtime"/>
<add name="COUNTRYLOCATION_ID" property="CountrylocationId"/>
<add name="ISDEFAULT" property="Isdefault"/>
<add name="ISCOMMENT" property="Iscomment"/>
</columns>
