﻿<?xml version="1.0" encoding="utf-8"?>
<columns>
<add name="ID" property="Id"/>
<add name="PRODUCTNAME" property="Productname"/>
<add name="PRODUCTCODE" property="Productcode"/>
<add name="VALUATION" property="Valuation"/>
<add name="VALUATIONSCORE" property="Valuationscore"/>
<add name="PACKAGINGSCORE" property="Packagingscore"/>
<add name="PACKAGINGDESCRIBE" property="Packagingdescribe"/>
<add name="PRODUCTSCORE" property="Productscore"/>
<add name="PRODUCTDESCRIBE" property="Productdescribe"/>
<add name="USESCORE" property="Usescore"/>
<add name="USEDESCRIBE" property="Usedescribe"/>
<add name="CREATETIME" property="Createtime"/>
<add name="AUDITSTATE" property="Auditstate"/>
<add name="AUDITTIME" property="Audittime"/>
</columns>
