﻿<?xml version="1.0" encoding="utf-8"?>
<columns>
<add name="ID" property="Id"/>
<add name="ACTIVITYTYPE" property="Activitytype"/>
<add name="TITLE" property="Title"/>
<add name="DEFAULTPIC" property="Defaultpic"/>
<add name="INTRODUCTION" property="Introduction"/>
<add name="TRIPMODE" property="Tripmode"/>
<add name="TRIPNOTE" property="Tripnote"/>
<add name="ACTIVITYBEGINTIME" property="Activitybegintime"/>
<add name="ACTIVITYENDTIME" property="Activityendtime"/>
<add name="REGISTRATIONENDTIME" property="Registrationendtime"/>
<add name="JOINNUM" property="Joinnum"/>
<add name="TRUEJOINNUM" property="Truejoinnum"/>
<add name="JOINNUMNOTE" property="Joinnumnote"/>
<add name="COSTNOTE" property="Costnote"/>
<add name="SETNOTE" property="Setnote"/>
<add name="REGISTRATIONNOTE" property="Registrationnote"/>
<add name="TRIPDETAILS" property="Tripdetails"/>
<add name="REMINDER" property="Reminder"/>
<add name="SYSLABEL" property="Syslabel"/>
<add name="USERID" property="Userid"/>
<add name="ADDTIME" property="Addtime"/>
<add name="AUDITSTATE" property="Auditstate"/>
<add name="AUDITUSERID" property="Audituserid"/>
<add name="AUDITTIME" property="Audittime"/>
<add name="REJECTREASON" property="Rejectreason"/>
<add name="ISTOP" property="Istop"/>
</columns>
