﻿<?xml version="1.0" encoding="utf-8"?>
<columns>
<add name="ID" property="Id"/>
<add name="NAME" property="Name"/>
<add name="INTRODUCTION" property="Introduction"/>
<add name="PRICE" property="Price"/>
<add name="REGISTRATIONNOTE" property="Registrationnote"/>
<add name="USERID" property="Userid"/>
<add name="ADDTIME" property="Addtime"/>
<add name="AUDITSTATE" property="Auditstate"/>
<add name="AUDITUSERID" property="Audituserid"/>
<add name="AUDITTIME" property="Audittime"/>
<add name="REJECTREASON" property="Rejectreason"/>
</columns>
