﻿<?xml version="1.0" encoding="utf-8"?>
<columns>
<add name="ID" property="Id"/>
<add name="NAME" property="Name"/>
<add name="OPERATEPERMIT" property="Operatepermit"/>
<add name="CONTACTNUMBER" property="Contactnumber"/>
<add name="LINKMAN" property="Linkman"/>
<add name="LOCATIONID" property="Locationid"/>
<add name="COMPANYADDRESS" property="Companyaddress"/>
<add name="EMAIL" property="Email"/>
<add name="COMPANYWEBSITE" property="Companywebsite"/>
<add name="BUSINESSLICENSEPIC" property="Businesslicensepic"/>
<add name="OPERATEPERMITPIC" property="Operatepermitpic"/>
<add name="USERID" property="Userid"/>
<add name="ADDTIME" property="Addtime"/>
<add name="AUDITSTATE" property="Auditstate"/>
<add name="AUDITUSERID" property="Audituserid"/>
<add name="AUDITTIME" property="Audittime"/>
<add name="REJECTREASON" property="Rejectreason"/>
</columns>
