﻿<?xml version="1.0" encoding="utf-8"?>
<columns>
<add name="ID" property="Id"/>
<add name="USERNAME" property="Username"/>
<add name="REALNAME" property="Realname"/>
<add name="MOBILE" property="Mobile"/>
<add name="PASSWORD" property="Password"/>
<add name="CREATETIME" property="Createtime"/>
<add name="LOGINCOUNT" property="Logincount"/>
<add name="ISLOCK" property="Islock"/>
<add name="LASTLOGINTIME" property="Lastlogintime"/>
<add name="UPDATEPASSWORDT" property="Updatepasswordt"/>
</columns>
