﻿<?xml version="1.0" encoding="utf-8"?>
<columns>
<add name="ID" property="Id"/>
<add name="EDITBOXTITTLE" property="Editboxtittle"/>
<add name="EDITBOXTEXT" property="Editboxtext"/>
<add name="EDITBOXREPLY" property="Editboxreply"/>
<add name="BUILDUSER" property="Builduser"/>
<add name="BUILDUSERNAME" property="Buildusername"/>
<add name="CREATEDATETIME" property="Createdatetime"/>
<add name="ADMINID" property="Adminid"/>
<add name="ADMINNAME" property="Adminname"/>
<add name="STATE" property="State"/>
<add name="ISVALID" property="Isvalid"/>
</columns>
