﻿<?xml version="1.0" encoding="utf-8"?>
<columns>
<add name="ID" property="Id"/>
<add name="TITLE" property="Title"/>
<add name="SUMMARY" property="Summary"/>
<add name="KEYWORDS" property="Keywords"/>
<add name="WIKICATEGORY_ID" property="WikicategoryId"/>
<add name="USER_ID" property="UserId"/>
<add name="IMAGE" property="Image"/>
<add name="INFOSOURCE" property="Infosource"/>
<add name="VERSION" property="Version"/>
<add name="VIEWCOUNT" property="Viewcount"/>
<add name="TOPCOUNT" property="Topcount"/>
<add name="CREATEDATETIME" property="Createdatetime"/>
<add name="ISVALID" property="Isvalid"/>
<add name="ENUMAUDIT" property="Enumaudit"/>
<add name="ADMIN_ID" property="AdminId"/>
<add name="AUDITDATETIME" property="Auditdatetime"/>
<add name="AUDITREASON" property="Auditreason"/>
<add name="INFOSOURCEURL" property="Infosourceurl"/>
</columns>
