﻿<?xml version="1.0" encoding="utf-8"?>
<columns>
<add name="ID" property="Id"/>
<add name="PHONENUMBER" property="Phonenumber"/>
<add name="PASSWORD" property="Password"/>
<add name="NAME" property="Name"/>
<add name="SOURCETYPE" property="Sourcetype"/>
<add name="STUTAS" property="Stutas"/>
<add name="AREAID" property="Areaid"/>
<add name="AREANAME" property="Areaname"/>
<add name="DESCRIPTION" property="Description"/>
<add name="CREATETIME" property="Createtime"/>
<add name="ISVALID" property="Isvalid"/>
<add name="AGENTINFO" property="Agentinfo"/>
<add name="COPYPHONENUMBER" property="Copyphonenumber"/>
</columns>
