﻿<?xml version="1.0" encoding="utf-8"?>
<columns>
<add name="ID" property="Id"/>
<add name="USER_ID" property="UserId"/>
<add name="GUESTUSER_ID" property="GuestuserId"/>
<add name="CONTENTS" property="Contents"/>
<add name="CREATETIME" property="Createtime"/>
<add name="AUDITDATETIME" property="Auditdatetime"/>
<add name="AUDITADMIN_ID" property="AuditadminId"/>
<add name="AUDITREASON" property="Auditreason"/>
<add name="STATE" property="State"/>
<add name="ISVALID" property="Isvalid"/>
<add name="PARENTID" property="Parentid"/>
</columns>
