﻿<?xml version="1.0" encoding="utf-8"?>
<columns>
<add name="ID" property="Id"/>
<add name="ROOM_ID" property="RoomId"/>
<add name="USER_ID" property="UserId"/>
<add name="NICKNAME" property="NickName"/>
<add name="SESSIONID" property="SessionId"/>
<add name="STANDPOINT_ID" property="StandPointId"/>
<add name="LASTACTIVETIME" property="LastActiveTime"/>
<add name="STATE" property="State"/>
<add name="REFRESH" property="Refresh"/>
<add name="PASSWORD" property="Password"/>
<add name="USERTYPE" property="UserType"/>
</columns>
