﻿<?xml version="1.0" encoding="utf-8"?>
<columns>
<add name="ID" property="Id"/>
<add name="SOURCE_ID" property="SourceId"/>
<add name="SOURCETYPE" property="SourceType"/>
<add name="RESOURCENAME" property="ResourceName"/>
<add name="RESOURCETYPE" property="ResourceType"/>
<add name="RESOURCEPATH" property="ResourcePath"/>
<add name="USER_ID" property="UserId"/>
<add name="CREATETIME" property="CreateTime"/>
<add name="AUDITDATETIME" property="AuditDateTime"/>
<add name="AUDITADMIN_ID" property="AuditAdminId"/>
<add name="AUDITREASON" property="AuditReason"/>
<add name="STATE" property="State"/>
<add name="ISVALID" property="IsvalId"/>
</columns>
