﻿<?xml version="1.0" encoding="utf-8"?>
<columns>
<add name="ID" property="Id"/>
<add name="TITLE" property="Title"/>
<add name="DESCRIPTION" property="Description"/>
<add name="STARTTIME" property="StartTime"/>
<add name="ENDTIME" property="EndTime"/>
<add name="LOGINLEVEL" property="LoginLevel"/>
<add name="SPEEKLEVEL" property="SpeekLevel"/>
<add name="REFRESH" property="Refresh"/>
<add name="AUDITROLE" property="AuditRole"/>
<add name="USER_ID" property="UserId"/>
<add name="CREATETIME" property="CreateTime"/>
<add name="AUDITADMIN_ID" property="AuditAdminId"/>
<add name="AUDITDATETIME" property="AuditDateTime"/>
<add name="STATE" property="State"/>
<add name="ISVALID" property="IsValid"/>
<add name="AD" property="AD"/>
</columns>
