﻿<?xml version="1.0" encoding="utf-8"?>
<columns>
<add name="ID" property="Id"/>
<add name="TITLE" property="Title"/>
<add name="CATEGORY_ID" property="CategoryId"/>
<add name="USER_ID" property="UserId"/>
<add name="ISTOP" property="Istop"/>
<add name="ISESSENTIAL" property="Isessential"/>
<add name="ISCOMMENT" property="Iscomment"/>
<add name="LASTTOPTIME" property="Lasttoptime"/>
<add name="PRESETVIEWTOTAL" property="Presetviewtotal"/>
<add name="VIEWTOTAL" property="Viewtotal"/>
<add name="CONTENTV1" property="Contentv1"/>
<add name="CONTENTV2" property="Contentv2"/>
<add name="KEYWORDS" property="Keywords"/>
<add name="PUBLISHFROM" property="Publishfrom"/>
<add name="SOURCEFROM" property="Sourcefrom"/>
<add name="CREATETIME" property="Createtime"/>
<add name="VIEWDATETIME" property="Viewdatetime"/>
<add name="HASIMG" property="Hasimg"/>
<add name="COMMENTTOTAL" property="Commenttotal"/>
<add name="LASTMODIFYADMIN_ID" property="LastmodifyadminId"/>
<add name="LASTMODIFYTIME" property="Lastmodifytime"/>
<add name="LASTREPLYUSER_ID" property="LastreplyuserId"/>
<add name="LASTREPLYTIME" property="Lastreplytime"/>
<add name="LASTREPLYUSERNAME" property="Lastreplyusername"/>
<add name="AUDITDATETIME" property="Auditdatetime"/>
<add name="AUDITADMIN_ID" property="AuditadminId"/>
<add name="AUDITREASON" property="Auditreason"/>
<add name="STATE" property="State"/>
<add name="ISVALID" property="Isvalid"/>
<add name="FLOWERS" property="Flowers"/>
<add name="EGGS" property="Eggs"/>
<add name="INFOTYPE" property="Infotype"/>
<add name="REPLYREMIND" property="Replyremind"/>
</columns>
