﻿<?xml version="1.0" encoding="utf-8"?>
<columns>
<add name="ID" property="Id"/>
<add name="USER_ID" property="UserId"/>
<add name="NICKNAME" property="Nickname"/>
<add name="PHONENUMBER" property="Phonenumber"/>
<add name="GENDER" property="Gender"/>
<add name="BIRTHDAY" property="Birthday"/>
<add name="LIVINGCITY" property="Livingcity"/>
<add name="HOMETOWN" property="Hometown"/>
<add name="HEADPIC" property="Headpic"/>
<add name="HEIGHT" property="Height"/>
<add name="STATURE" property="Stature"/>
<add name="SATISFIED" property="Satisfied"/>
<add name="SMOKE" property="Smoke"/>
<add name="DRINK" property="Drink"/>
<add name="PERSONAITY" property="Personaity"/>
<add name="EDUCATION" property="Education"/>
<add name="STATUS" property="Status"/>
<add name="JOB" property="Job"/>
<add name="EXPECTATION" property="Expectation"/>
<add name="FETION" property="Fetion"/>
<add name="QQ" property="Qq"/>
<add name="LASTFEELING" property="Lastfeeling"/>
<add name="ISWESKIT" property="Isweskit"/>
<add name="ISBINDPHONE" property="Isbindphone"/>
<add name="ISBINDVIDEO" property="Isbindvideo"/>
<add name="ISONLINE" property="Isonline"/>
<add name="LASTVISITTIME" property="Lastvisittime"/>
<add name="LIVINGCITYSTR" property="Livingcitystr"/>
<add name="USERLEVEL" property="Userlevel"/>
<add name="CURRENTSCORE" property="Currentscore"/>
<add name="TOTALSCORE" property="Totalscore"/>
<add name="ISMARRY" property="Ismarry"/>
<add name="QUESTION" property="Question"/>
<add name="ANSWER" property="Answer"/>
<add name="ANSWERCOUNT" property="Answercount"/>
<add name="ANSWERTIME" property="Answertime"/>
<add name="ATTENTIONCITY" property="Attentioncity"/>
<add name="LOGINCOUNT" property="Logincount"/>
<add name="INTEREST" property="Interest"/>
<add name="INCOME" property="Income"/>
<add name="INTRODUCTION" property="Introduction"/>
<add name="SECURITYCODE" property="Securitycode"/>
<add name="SECURITYCOUNT" property="Securitycount"/>
<add name="SECURITYTIME" property="Securitytime"/>
<add name="SECURITYPHONENUMBER" property="Securityphonenumber"/>
<add name="ISRECOMMEND" property="Isrecommend"/>
<add name="ACCEPTSMSCONFIG" property="Acceptsmsconfig"/>
<add name="CEASELESSSIGN" property="Ceaselesssign"/>
<add name="CMSREMIND" property="Cmsremind"/>
</columns>
